tempo,estrelas,avaliacao,Local Guide,Avaliacoes,Classificacoes,Fotos,Videos,Legendas,Respostas,Edicoes,Informadas como Incorretas,Lugares Adicionadas,Estradas Adicionadas,Informacoes Verificadas,P/R,Previsao_Fraude_RF
7,5,extraordinário vale pena experimentar,,6,1,0,0,0,6,0,0,0,0,0,0,1
14,5,null,,14,40,0,0,0,358,0,0,0,0,5,1,0
21,3,amo cakess frequento lugar menos 3 anos descobri bolo nutella crocante apaixonei desde então infelizmente ter boa experiência local conta preço aumenta tamanhos porções diminuem entendo uso bons ingredientes cozinha especializada existe benefício cliente arca parte cara relação pena,,40,2,10,0,0,170,12,0,0,0,0,0,0
21,5,null,,0,2,0,0,0,0,0,0,0,0,0,0,1
21,5,null,,7,73,0,0,0,39,0,0,0,0,0,0,0
21,3,bom vamos lá 1 obs ambiente local bonito relativamente pequeno arquitetura detalhes madeira toque amarela criando ambiente aconchegante tranquilo 2 serviços servido prestativo rápido direto deve leu aqui outras avaliações reclamando serviço considere muita gte achando estrelinha local guilde google esperando bajulado mimado igual vó faz neto criado danoninho falo pq gte avaliando sobre sabe sendo rude porque bajulado acolhido funcionando terapeuta babá marmanjo atente serve vai embora lógico boa vontade sorriso rosto 3 custo benefício considerar local custo ingredientes justo atende proposta local adiante querer avaliar bolo chocolate pessoas sabe diferença chocolate nestlé calebaut fazer doces bolos tortas estilo gourmet nível sabor acentuado nível açúcar menor normal pois sobressai gosto açúcar infelizmente termo gourmet sendo banalizado então qualidade diversidade produtos sabores apresenta bom custo benefício qualquer dúvida valor coloquei cardápio fotos avaliação 4 experiência satisfação pedimos 1 bolo gelado dê coco 1 bolo ganache meio amargo 1 brownie chocolate sorvete baunilha bolo gelado esposa faz bolo sabe apreciar gostou textura sabor umidade etc bolo ganache achei bom porém gosto específico amargo porém gosto amargo comum pois diabético sabor amargo falta açúcar acabei acostumando sabor bom textura maciez pouco pesado pois multi fatiado precisa massa amanteigada dar estrutura criticar precisa saber feito ganache bom creio calebaut bom,,944,38,11453,201,0,1260,29,0,21,0,36,36,0
28,3,trabalhar região sempre indo cakess sempre peço bolo brigadeiro morango bombom morango sempre maravilhosos ponto dessa vez resolvi experimentar algo diferente optei pedir brownie decepção preço esperava algo qualidade sovado gosto achocolatado claramente mal feito reputação loja esperava tanto ingredientes quanto preparo infelizmente valeu preço,,2,17,13,0,0,3,0,0,0,0,0,1,0
30,5,null,,0,3,0,0,0,7,2,0,0,0,0,0,1
30,4,comer cakess sempre certeza comer bem vou começar explicando 4 estrelas namorado dog caminhar uns 5km minhocão atendente logo ofereceu vasilha água pro dog sim atendimento pet friendly fazer pedido pedimos croque monsier absolutamente incrível chá casa pra acompanhar dar ajudada calor vindo dias umidade super baixa pedimos água casa pra surpresa disponibilizado água casa justificativa empreendimento pequeno convenhamos lugar barato comer difícil acreditar empreendimento higienópolis sirva água casa justificativa fica registrado única crítica porque óbvio ainda levamos pedaço bolo nutella crocante pra casa novo surpresas maravilhoso,,52,4,127,5,0,246,0,0,0,0,0,1,0
30,3,buscar bolo aniversario nutella crocante esperar venderam bolo pra outra pessoa fizeram outro pra mim última hora achei pouco descaso fiz pedido deixado claro pra comemorar aniversário sempre quis bolo nutella pra data tão importante pai carro esperando uber retirar pedido pra pode apenas bolo pra consome sempre algo ainda data comemorativa fiquei meio decepcionada,,2,0,0,0,0,7,0,0,0,0,0,0,0
30,4,adorei bolos torta frango 4 estrelas pois máquina café parou fiquei café pra acompanhar bolinho vulcão cenoura calda brigadeiro delícia,,56,10,214,2,1,138,1,0,1,0,0,0,0
30,5,null,,1,2,0,0,0,3,0,0,0,0,0,0,1
30,2,experiência negativa cozinha funciona 1600hs longe conhecer local podia pedir nada cozinha nada solicitasse serviço copa café expresso bom torra queimada deixa gosto amargo vem primeiro pão queijo assim café esfria companhia pediu mocaccino gosto nada pediu pra trocar veio calda chocolate volta novo pra cozinha pra comer pão queijo quiche decidimos cesta pão queijo vem 4 pãozinhos caro bom meio borrachudo gostei deixou boa impressão,,83,1,6,0,0,1454,1,0,2,0,0,1,0
30,5,cakess paraíso bolos variedade doces disponíveis impressionante bolos deliciosos feitos ingredientes alta qualidade derretem boca atendimento local melhores funcionários precisam atenciosos simpáticos pedimos bebida havia ingredientes fazer hora avisados chegaram todos pedidos mesa desistimos pedir algo elaborado pois demora pratos servidos comemorar aniversário aniversariante ganhou brigadeiro cortesia ainda incômodo mostrar documento comprovação pedimos delivery sempre presenteados mimos lá voltaremos conta doces pois atendimento melhores,,12,6,0,0,0,30,0,0,0,0,0,0,0
30,5,sempre vamos bem atendidos ambiente agradável bem ventilado doce mês cardápio fixo sempre boa surpresa preferido crocante nutela,,10,4,0,0,0,5,0,0,0,0,0,0,0
30,5,bolos deliciosos bem molhadinhos casadinho maravilhoso preferido,,222,22,153,0,0,1201,1,0,0,0,0,0,0
60,1,passei situação bem desagradável local ouvi funcionário acredito gerente reclamando sobre clientes lugar lotado dia falando outras duas clientes sobre dois clientes pediram apenas café ficaram lá 1h30 consumir nada relato seguiu reclamou outro cliente falando pediu apenas fatia bolo então colocamos garfo invadindo atrás balcão pegar outro garfo pois bem cliente questão pai frequentei algumas vezes lugar sugeri tomar café comer sobremesa lá pedimos apenas pedaço bolo pois pedaço grande íamos dividir normalmente restaurantes mandam dois garfos mesa duas pessoas pede apenas sobremesa problema gente local disse lotado dia atendentes bem confusos demorados anotaram pedido duas vezes pois lançado sistema hora pagar garçom falou tbm sido lançado veio sobremesa imaginamos pedir outro garfo iria levar tempo então pai cliente dispôs levantar ir balcão resolver logo nao invadiu balcão ficou lado entrada pois novamente local lotado fila pagar frente balcão pessoas pé esperando mesa bem constrangedor ouvir tipo comentário ainda cliente apenas quis evitar dar trabalho lugar atendimento confuso sugiro gerente respeito clientes invés reclamar pleno salão faça lugar privado dedique tempo verificar clientes precisam comentei nada hora pois pai escutou quis evitar aborrecimento ouvi reclamações sobre pleno salão espero entendam levar reclamação aqui,,3,1,1,0,0,14,4,0,0,0,1,0,0
60,5,excelente lugar tomar brunch doces maravilhosos ainda pet friendly,,4,0,0,0,0,7,0,0,0,0,1,0,1
60,5,melhor confeitaria sp tudo impecável,,2,7,571,0,0,19,0,0,0,0,0,0,0
60,1,hoje hora almoço péssima experiência apenas garçom atendendo mesa lado além outras mesas querendo atendimento garçom atencioso conosco avisar chamava reforço várias vezes ninguém aparecia falta respeito clientes garçom lá sozinho gente atrás bancadinha aí,,4,2,0,0,0,5,0,0,0,0,0,0,1
60,5,ambiente simpático atendimento gentil bruno pedi cappuccino tradicional encorpado bem dosado bolinho coco delícia gostinho bolo vovó recomendo,,35,10,3,0,0,84,0,0,0,0,0,0,0
60,2,comi torta três mouses custou quase trinta reais assustei hora fresca camada parecia gelatina cima pq velha consumo sabor médio ruim valeu nada pena,,3,1,1,0,0,14,0,0,0,0,0,0,1
60,5,null,,79,89,34,0,1,1100,4,0,0,0,52,0,0
60,2,casa bolos durante semana comprar boloquando cheguei havia moça sendo atendida enquanto atendida moçaum rapaz perguntou pedido informei falou q iria providenciar finalizou atendimento fazer outras coisas balcão havia moça cabelo black fiquei tempo esperando então repassou p moça p prosseguir pedido senti diferença atendimento q vi inicialmente cheguei moça q lá creio q fato d uniforme levou inadmissível tempo d inclusão atitudes assimsou cliente outro qualquer além demora p atender horário d almoço cuidado atendimento acolhedor qualidade bolo maravilhosa fiquei triste constragida atendimento seletivo,,8,0,0,0,0,8,0,0,0,0,0,0,0
60,5,atendente simpático doces delícia ambiente aconchegante organizado ótimo fotos,,6,2,0,0,0,14,0,0,0,0,0,0,1
60,5,reservei espaço comemorar aniversário brunch adorei atendimento excelente super atenciosos comida surreal boa convidadas ficamos encantadas marcando voltar outra vez recomendo,,1,1,4,0,0,7,0,0,0,0,0,0,1
90,5,null,,2,1,0,0,0,5,0,0,0,0,0,0,1
90,4,amei conhecer cakess pedi bolo chocolate capuccino bem gostosos alguns pontos destacar bem atendida bruno vi garçom ali casa cheia várias mesas chamavam tempo visivelmente impossível atender todo mundo pedido veio atrasado pedir guardanapos vi outras mesas pedindo achei experiência pouco chata gostei comida simpatia atendente quero retornar dar segunda chance lugar,,35,2,153,2,0,248,0,0,0,0,0,0,0
90,5,lugar super tranquilo pra ficar casal amigos tomar belo café comprei bolo pistache saboroso demais perfeito além café nutella mil maravilhas falar atendimento igual,,11,1,0,0,0,24,0,0,0,0,0,0,1
90,5,null,,0,1,1,0,0,0,0,0,0,0,0,0,1
90,5,experiência milhão equipe bem preparada organizada pretendo vir muitas vezes,,5,7,0,0,0,24,0,0,0,0,1,0,1
90,5,null,,1,1,0,0,0,15,0,0,0,0,0,0,1
90,3,comidas maravilhosas ambiente bem aconchegante espaço pet onde fiquei pena atendimento péssimo volta meio dia funcionária dentro salinha entregando sacola pedido pra motoqueiro mal aparecia atender mesas muita mesa querendo atendimento ninguém alí má sorte pegar dia folga alguém vocs precisam contratar lotado ninguém pra atender fica dica aí,,4,0,0,0,0,3,0,0,0,0,0,0,1
90,5,fazia tempo ia cakess sinceramente atendimento incomodava pouco tudo sempre delicioso continua sendo surpresa nesta semana fiquei embaixo achando menos lotado acabou lotou desta vez bem atendido bruno simpático engraçado atencioso comigo todos todas mesas dava atenção todos sempre limpando tempos tempos mesas ótimo atendimento desculpe textão hahahaha trabalho comércio presto muita atenção tudo agora voltarei frequência,,5,1,0,0,0,11,1,0,0,0,0,0,0
90,5,bom bombom morango excelente,,192,13,469,4,0,448,0,0,0,0,0,1,0
90,5,paquerei loja insta acabei indo visitar primeira vez nesse último sábado tudo pedi amigs maravilhoso super bem atendidas mocinho barbinha acho bruno atencioso,,4,7,0,0,0,8,0,0,0,0,0,0,1
90,5,ambiente bom bolos maravilhosos ig queldornb,,186,1,363,2,3,412,0,0,0,0,0,7,0
90,5,ótimo compramos bolos doces festas lá,,6,5,0,0,0,3,0,0,0,0,0,0,1
90,5,ambiente agradável cardápio maravilhoso,,3,0,0,0,0,7,0,0,0,0,0,0,1
90,2,achei péssimo poder fazer croque madame monsieur presunto único lugar paulo vi recusarem opção deixa cardápio vegetariano super limitado resumindo basicamente toasts superfaturados ovos demais pratos geral bons nada extraordinário modo preço alto compensa sobremesa especial casa achei ruim fortemente recomendo café nutelludo gostoso porque realmente nutella ponto alto bolo crocante fato incrível quanto impossibilidade tirar presunto alguns pratos favor repensem,,156,11,107,26,0,720,3,0,2,0,0,0,0
90,5,null,,4,3,0,0,0,8,0,0,0,0,0,0,1
90,5,cakes doces verdadeiro paraíso amantes sobremesas confeitaria desde momento entra impossível encantar ambiente acolhedor bem decorado loja cuidadosamente adornada detalhes evocam charme vintage criando atmosfera convidativa charmosa aroma irresistível bolos recémassados doces artesanais imediatamente desperta apetite promete experiência gastronômica inesquecível atendimento cakes doces exemplar equipe extremamente atenciosa amigável sempre pronta oferecer sugestões garantir cada cliente encontre sobremesa perfeita funcionários demonstram profundo conhecimento produtos apaixonados fazem reflete qualidade serviço satisfação clientes variedade bolos doces disponíveis impressionante desde bolos clássicos criações inovadoras cada item feito ingredientes alta qualidade toque amor tortas cupcakes docinhos verdadeiras obras arte tanto sabor quanto apresentação confeitaria destaca atenção detalhes decorações delicadas acabamentos impecáveis tornam cada doce pequena joia além opções tradicionais cakes doces oferece alternativas dietas especiais incluindo doces glúten lactose garantindo todos possam desfrutar delícias combinação ambiente encantador atendimento primeira produtos alta qualidade faz cakes doces destino imperdível qualquer pessoa aprecie boa sobremesa cada visita celebração sabor arte confeitaria deixando clientes sempre ansiosos voltar,,156,15,400,7,0,203,0,0,0,0,3,13,0
90,5,ambiente gostoso charmoso bem decorado absolutamente todos doces experimente hoje incríveis,,114,0,0,0,0,335,0,0,0,0,0,0,0
120,4,basico bem feito nao descrever comida cakess alem disso ambiente graca,,61,8,227,5,0,1426,0,0,0,0,0,0,0
120,5,null,,15,9,47,7,0,5,1,0,0,0,0,0,0
120,5,null,,11,11,20,0,0,67,3,0,0,0,0,0,0
120,5,null,,0,1,0,0,0,3,0,0,0,0,0,0,1
150,5,café maravilhoso ambiente acolhedor ótimo atendimento ótimo café manhã comemorar amigos familiares doces maravilhosos vale pena conhecer,,79,25,135,0,1,156,1,0,1,0,1,0,0
150,1,duas horas esperando pedido ifood cancelarem ainda terem cara pau falar endereço incompleto conseguiram contato comigo tentaram,,13,5,2,0,0,153,0,0,0,0,0,0,0
150,5,null,,22,22,0,0,0,43,0,0,1,0,0,0,0
180,1,opção dó cardápio pão queijo deram opção pagar crédito pagar pix,,31,38,59,1,0,146,1,0,1,0,0,1,0
180,3,caro doce gosto ovo,,2,0,0,0,0,1,0,0,0,0,0,0,1
180,4,bem movimentado então alguma demora atendimento entrega fato terem esquecido lançar café melhor nesse caso gosta doces opção pensar,,44,3,72,1,0,224,21,0,18,0,0,0,0
180,5,excelente tudo propõe brunch docesbolos sempre dou jeito tomar café aqui recomendo,,166,15,203,2,0,819,1,0,0,0,2,4,0
180,4,null,,5,10,0,0,0,36,0,0,0,0,0,0,0
210,5,brownie delicioso casa espetacular século xix,,14,2,0,0,0,8,0,0,0,0,0,0,1
210,5,null,,1,1,0,0,0,3,0,0,0,0,0,0,1
210,5,null,,9,35,4,0,0,1646,25,0,6,0,0,4,0
210,5,diferencial aqui ótimo atendimento convênio estacionamento frente dois ambientes iluminação confortável música ambiente volume certo vitrine muitas opções comer hora dentro tudo bonitinho preço compatível experiência,,709,2,519,3,3,166,86,0,28,0,1,85,0
210,5,melhores doces frescos qualidade vale pena local pet friendly agradável,,36,7,103,0,0,219,0,0,0,0,0,0,0
210,4,null,,68,82,14,0,0,93,6,0,4,0,12,18,0
210,3,caro nao dão tanta tenção ficam focados iffood achei bem realidade valores enfim acho baseiam região,,636,65,846,13,0,2743,155,0,1,0,159,269,0
210,4,recomendo delícias,,63,274,1940,140,3,2454,306,0,4,0,66,4,0
210,5,null,,2,2,0,0,0,3,0,0,0,0,0,0,1
240,5,fenomenal,,52,4,2,0,0,127,0,0,0,0,0,0,0
240,1,diminuíram fatias bolo 200gr pra 130150gr mantiveram preço quase 3000 fatia absurdo recomendo,,3,0,0,0,0,8,0,0,0,0,0,0,1
240,5,amo lugar perfeito pra café manhã almoço café tarde toast avocado ovo pochet maravilhosa amo bolo nutella crocante limone,,10,0,8,0,0,6,0,0,0,0,0,0,1
240,5,dúvidas cafeteriadoceria preferida paulo ambiente super agradável doces maravilhosos,,15,0,2,0,0,57,0,0,0,0,0,1,0
240,5,doceria bem bonitinha doces possuem aparência bem comestíveis cheesecake frutas vermelhas bem gostoso,,538,29,2329,77,0,472,4,0,2,0,1,5,0
270,5,ambiente agradável pessoal atendimento sempre gentil busca rápido possível almoço doces deliciosos,,171,138,29,3,0,3147,291,0,11,0,133,23,0
270,4,dúvidas melhores melhores bolos comi vida ambiente lindo aconchegante comida deliciosa única coisa incomodou forma namorado tratados garçons apressou apresentou cardápio perguntamos então disponível consumir falou má vontade apresentando opções direito,,9,1,2,0,0,20,0,0,0,0,0,0,0
270,5,null,,0,1,0,0,0,7,0,0,0,0,0,0,1
270,4,4 anos inaugurou bolos bem feitos equilibrados açúcar sabor ultima vez janeiro 2024 achei bolos doces nao consegui comer todas fatias parece receitas mudaram agradar gosta sentir açúcar opinião acho decaiu qualidade,,15,0,5,0,0,21,0,0,0,0,0,0,0
270,5,capricho cuidado cada detalhe ótimo ambiente porções muuuuuito generosas principal delíciaaaaaaaa,,72,145,152,1,1,979,0,0,1,0,2,1,0
270,5,null,,14,47,10,0,0,147,2,0,1,0,0,0,0
270,5,local conhecido bolos têm melhor panqueca americana sp bebidas quentes tbm delícia obs faltou opções bebida leite vegetal desnatado intolerantes,,53,103,79,16,0,456,0,0,0,0,0,1,0
270,5,null,,2,3,1,0,0,8,0,0,0,0,0,0,1
270,5,null,,0,2,0,0,0,13,0,0,0,0,0,0,1
270,5,null,,1,2,0,0,0,7,0,0,0,0,0,0,1
270,5,excelentes café bolo,,131,18,8,0,0,59,0,0,0,0,0,0,0
270,5,null,,0,1,0,0,0,7,0,0,0,0,0,0,1
270,5,lugar agradável ótima decoração bolos maravilhosos deliciosos bolo merengue maravilhoso,,41,58,114,11,1,40,2,0,1,0,2,0,0
270,5,melhor bolo ganache mundo ps ambiente pet friendly fiz review ambiente instagram cecitheshihtzu,,21,19,5,0,0,155,0,0,0,0,0,0,0
270,1,lei 1774723 obriga bares restaurantes lanchonetes padarias estabelecimentos similares servirem água potável filtrada gratuitamente clientes sendo cumprida neste estabelecimento doces excelentes atendimento bom solicitei água pois sede atendente falou ali fornecido lei estabelecimentos ficam obrigados afixar local visível clientes cartazes cardápios informando sobre gratuidade água potável filtrada locais descumprirem legislação estarão sujeitos sanções contidas código defesa consumidor,,145,69,42,0,1,64,24,0,1,0,15,0,0
270,5,conheço cakess desde começou adoro tudo,,5,5,12,0,0,42,0,0,0,0,0,0,0
270,4,ambiente charmoso fatias bolo generosas sugestão dividir café bem tirado pedi bolo brigadeiro pistache consegui comer tudo achei doce paladar gente vai adorar,,72,17,91,1,1,335,5,0,0,0,0,0,0
270,5,melhor benedict frapê maravilhoso,,1,3,0,0,0,9,2,0,0,0,0,0,0
300,5,tudo bom,,1,1,0,0,0,9,0,0,0,0,0,0,1
300,5,bolo casadinho capuccino deliciosos ambiente bem acolhedor,,105,68,167,6,1,1190,0,0,0,0,0,2,0
330,1,sozinho ambiente assim atendimento péssimo pessoa atendeu ofereceu cardápio recepcionou ficou olhando tempo pareceu infinito mencionar queria pedir prato visto online vez invés aproveitar chance oferecer cardápio direcionar pro cardápio online falou algumas opções semelhantes pedi ter falhado recepção pessoa falou algo sobre prato pedi pareceu forçado pra tentar suprir falta anterior pra constar falo sobre recepcionar esperando nada extraordinário precisa feliz vontade bastaria algum sinal vai tirar pedido ambiente clichê café doceria comida boa menos cara,,19,74,1,0,0,174,1,0,0,0,0,0,0
330,3,cerca três vezes cakess grupo serviço tende rápido atencioso sozinhao entanto serviço fica lento menos gentil casa cheia comida saborosa achei preparo inconsistente abaixo duas fotos prato croque monsieur pedido datas diferentes último veio grande parte queimada além 45 minutos espera panelinhas prateadas quais comidas servidas quentes queimam mãos qualquer toque avisado staff primeira vez frequentar recomendo bombom morango excelente soda italiana,,80,0,208,4,2,492,0,0,3,0,0,6,0
330,5,null,,83,58,6,0,0,446,0,0,0,0,0,1,0
330,1,gostei atendimento refeição expectativa frustrada,,5,1,0,0,0,3,0,0,0,0,0,0,1
330,5,achamos local acaso subindo avenida angélica fiquei surpresa ambiente super bem decorado bolo provei super gostoso bolo gelado coco recomendo cafés pedimos maravilhosos saborosos fiquei contente experiência,,264,0,473,9,20,1214,2,0,2,0,0,4,0
330,5,null,,252,56,40,2,1,6337,1,0,0,0,3,24,0
330,5,delicia lugar,,14,15,1,0,0,166,1,0,0,0,0,4,0
330,5,amo tomar café lá após almoço cardápio diversificado almoço inclusive cafés ótimos super recomendo brownie cookies bolo cenoura vulcão cobertura chocolate além tudo ambiente instagramável tá atendimento incríveis,,7,1,0,0,0,8,0,0,0,0,0,0,1
330,5,excelente ambiente,,9,1,0,0,0,22,0,0,0,0,0,0,1
330,5,null,,0,2,0,0,0,7,0,0,0,0,0,0,1
330,5,null,,8,1,0,0,0,19,0,0,0,0,0,0,1
330,5,ambiente aconchegante comida deliciosa,,2,0,0,0,0,7,0,0,0,0,0,0,1
330,5,melhor bolo região atendimento excepcional comun dayan excelente profissional,,1,0,1,0,0,7,0,0,0,0,0,0,0
330,5,ambiente agradavel ótima comida preço acessível,,4,2,0,0,0,5,0,0,0,0,0,1,1
330,5,null,,5,2,0,0,0,7,0,0,0,0,0,0,1
365,5,tempos filha trabalha região falava bolo crocante nutella hoje viemos experimentar cakess virou doceria preferida paulo bolo maravilhoso diferente sabor qualidade ingrediente afeto fazer história linda coragem boas escolhas dedicação nítida competência povoa ambiente acolhedor confortável bom gosto tudo valeu pena voltarei muitas vezes dúvida,,1,0,0,0,0,3,0,0,0,0,0,0,1
365,5,amo cakess doces incomparáveis serviço excelente,,7,0,0,0,0,13,0,0,0,0,0,0,1
365,5,melhores bolos paulo molhadinhos ponto enjoativo ingredientes qualidade ótimo atendimento ambiente agradável recomendo,,2,0,0,0,0,13,0,0,0,0,0,0,1
365,5,bom ótimo atendimento,,21,3,0,0,0,14,67,0,0,0,0,0,0
365,5,melhor bolo paulo lugar super aconchegante atendimento super especial,,6,0,4,0,0,39,0,0,0,0,0,0,0
365,5,amo cakess melhor bolo paulo,,3,0,1,0,0,7,0,0,0,0,0,0,0
365,5,ambiente agradável qualidade doces boa,,6,4,0,0,0,208,6,0,0,0,1,0,0
365,5,ambiente bacana descontraído bolos sensacionais altamente recomendável,,4,9,0,0,0,207,1,0,0,0,0,0,0
365,5,comida deliciosa serviço atencioso impecável,,2,0,0,0,0,7,0,0,0,0,0,0,1
365,5,fazer review salivei desejando comer novamente bolinho cenoura melhor cobertura brigadeiro quentinha vida curte doce cakess parada obrigatória além disso atendimento excelente decoração graça espaço bem amplo ainda boa variedade bolos doces bom demais atualizei foto sobremesa gostosona provei dias,,211,11,413,43,0,307,2,0,1,0,6,0,0
365,5,null,,2,1,0,0,0,8,0,0,0,0,0,0,1
365,5,amo,,6,3,0,0,0,65,0,0,0,0,0,0,0
365,5,local maravilhoso funcionários educados dispostos ajudar além pães incríveis,,29,49,0,0,0,255,0,0,0,0,0,3,0
365,1,péssima experiência chegarmos demorou pra sermos atendidos atendimento especificamos queríamos dentre pedidos pão artesanal chapa requeijão entrada atendente após longa demora trouxe pães casquinha requeijão dizendo terem ficado chapa tudo bem oi assim td bem né pedimos pra refazer novamente veio aparência nojenta totalmente queimada tentamos comer condições pão absolutamente encharcado muita gordura reclamamos atendente novamente defendeuse sendo algo pessoal afirmava pão assim requeijão assim queimado assim etc afirmou gordura pão apertei saiu óleo frente daí revelou colocam manteiga pra fixar requeijão terrível cafés chegaram menos metade xícaras sabor bem ruim pedaço bolo côco tão doce primeiro pedaço deu azia desgramada dois dois cafés ruins pão chapa horroroso gorduroso queimado requeijão pedaço bolo côco extremamente doce pagamos quase r 5000 lugar pra ficar ruim melhorar botecobar esquina ofereceria pão chapa melhor além tudo relatado funcionários ficavam encarando rindo tempo todo sentimos constrangidos jamais desejaremos recomendaríamos local pra ninguém pra inimigo,,108,27,62,0,0,43,2,0,0,0,0,13,0
365,5,aconchegante comida nota 10 nada ruim lá,,97,122,196,3,0,3755,0,0,1,0,16,5,0
365,5,comida maravilhosa,,4,1,0,0,0,12,0,0,0,0,0,0,0
365,5,ótimos doces,,1,0,0,0,0,7,0,0,0,0,0,0,1
365,5,otimo,,3,2,0,0,0,38,0,0,0,0,0,0,0
365,5,simplesmente maravilhoso,,1,4,0,0,0,10,0,0,0,0,0,0,1
365,5,excelente bolo maravilhoso tostada tomate cogumelos excelente,,17,5,0,0,0,147,0,0,0,0,0,1,0
365,5,sensacional sempre vou durante tarde tomar café claro saborear bolo cenoura vulcão,,8,0,0,0,0,7,0,0,0,0,0,0,1
365,5,maravilhosa melhor paulo recomendo especial chefe,,4,1,0,0,0,18,0,0,0,0,0,0,0
365,5,tudo maravilhoso doces maravilhosos bolo gelado coco sabor infância,,167,21,1579,18,0,2247,0,0,0,0,15,10,0
365,5,null,,14,1,5,0,0,122,0,0,0,0,0,0,0
365,5,lugar maravilhoso muitas opções,,11,39,0,0,0,25,0,0,0,0,0,0,0
365,5,melhor confeitaria paulo brunch surreal porções justas pratos lindos saborosos ambiente extremante agradável vai vira fã irei vezes família,,2,0,0,0,0,7,0,0,0,0,0,0,1
365,5,comida incrivelmente boa adendo bolos doce medida certa saboroso,,19,11,4,0,0,82,2,0,0,0,0,0,0
365,1,null,,0,1,0,0,0,3,0,0,0,0,0,0,1
365,1,null,,36,30,0,0,0,13,0,0,0,0,0,0,0
365,5,null,,35,36,40,0,0,11,0,0,0,0,0,2,0
365,5,null,,201,367,593,48,0,714,1,0,2,0,52,63,0
365,5,tudo delicioso queijo quente perfeito chocolate quente bom fatia bolo casadinho sensacional bem equilibrado,,7,67,40,0,0,668,0,0,0,0,0,0,0
365,4,null,,0,99,0,0,0,230,0,0,0,0,0,0,0
365,4,null,,2,13,0,0,0,0,0,0,0,0,0,0,1
365,5,lugar maravilhoso atendimento daian excepcional super atencioso todas vez almoço cakess super bem atendida excelente profissional,,1,0,0,0,0,0,0,0,0,0,0,0,1
365,5,daian tratou eficiência rapidez cakess comida gostosa principalmente tortas,,1,0,0,0,0,0,0,0,0,0,0,0,1
365,5,lugar pequeno bonito aconchegante confortável atendentes gentis bolos cookies lindos dá vontade experimentar tudo bolos pedi amiga excelentes doce medida certa deu água boca escrevendo avaliação querendo comer novamente lá café ótimo recomendo ter café tarde doces incríveis quero voltar experimentar outros doces,,76,0,384,1,0,192,3,0,0,0,0,0,0
365,5,cliente desde primeiro dia amo tudooooo,,25,1,1,0,0,22,0,0,0,0,0,0,0
365,5,achei lugar lindo charmoso organizado,,223,22,929,18,1,640,0,0,0,0,9,5,0
365,5,conferir breakfast weekend pedi combos ambiente bem descontraído comida boa atendimento bom,,48,166,288,47,1,1787,0,0,0,0,0,3,0
365,4,null,,8,7,4,0,0,70,0,0,0,0,0,0,0
365,4,lugar bonito ótima infraestrutura vitrine bonita comidas pra comer olhos atendimento deu leve vacilada nada desabone clientes tomam ciência forma bem explícita sobre taxa 1099 caso peçam nota fiscal 0 5 infraestrutura local 5 ambiente climatização 4 decoração arquitetura 5 atendimento serviço prestado 4 preços produtos serviços 3 qualidade produtos serviços 5 variedade produtos serviços 5 recomendado sim,,398,602,1963,413,0,3839,69,0,49,0,5,15,0
365,5,adoro cakess ótimos doces ótimos preços ótimo atendimento ótimo ambiente loja confortável doces excelentes preços justíssimos favorito eterno bombom morando leva morango gigante brigadeiro branco casca chocolate leite redor maravilhoso bolos pote ótimos especial oreo café bom perfeito acompanhar coisas açucaradas recomendo,,280,154,4864,626,0,2255,146,0,21,0,204,7,0
365,5,achei charmoso lugar atendimento bom doce frape ovomaltine deliciosos,,34,8,25,1,0,298,0,0,0,0,0,0,0
365,5,conhecer cakess indicada amiga adorei lugar doces acompanhada comemos bolo 4 leites limone bolo brigadeiro morango além limonada spritz tudo saboroso valeu pena visita pra completar atendimento primoroso dona gabi super atenciosa conosco experiência incrível,,56,5,0,0,0,21,0,0,0,0,0,0,0
365,5,confeiteira sempre quis conhecer local geralmente experimento paladar crítico pois existe muita coisa ruim aí nome experimentei cookie limão marshmallow delicioso obviamente doce alguém viu marshmallow doce rs limão equilibra perfeitamente ficou incrível experimentei café gelado incrível melhores provei sendo fã café pra viagem levei famoso bolo nutella crocante impecável úmido medida certa afinal bolo torta né mistura nutella chocolate meio amargo crocância além equilibrarcriam experiência especial paladar fim menos importante banoffe zero enjoativo chantilly super levinho suaviza doce leite vale super pena,,17,0,9,0,0,16,15,0,0,0,0,0,0
365,5,melhor doceria atendimento nota mil,,2,0,0,0,0,6,0,0,0,0,0,0,0
365,5,null,,8,47,0,0,0,317,1,0,4,0,0,0,0
365,5,cakess praticamente religião aqui casa melhores doces sp longe bolo chocolate doce medida cenoura brigadeiro molhadinho red velvet melhor comi virou obrigatório aniversários família ouço reclamações mudo sabor cookies show parte comida decepciona ovos rancheiros preferidos molho delícia única queixa ter cakess aqui perdizes kkkk,,11,1,6,0,0,9,1,0,0,0,0,0,0
365,5,atendimento excelente comida deliciosa doces divinos pedir chega impecável,,5,41,0,0,0,663,0,0,0,0,0,0,0
365,5,melhores bolos comi vida come cakess nunca esquece,,7,0,0,0,0,22,0,0,0,0,0,0,1
365,5,doces maravilhosos atendimento sempre atencioso carinhoso fã desde primeira vez,,4,36,0,0,0,936,0,0,0,0,0,0,0
365,5,melhor doceria paulo simples assim,,6,3,0,0,0,78,0,0,0,0,0,0,0
365,5,null,,1,1,0,0,0,10,0,0,0,0,0,0,1
365,5,null,,0,1,0,0,0,3,0,0,0,0,0,0,1
365,5,ótimo lugar reunir amigos café manhã maravilhoso melhores doces paulo bolo casamento,,1,0,0,0,0,7,0,0,0,0,0,0,1
365,5,doces divinos comida maravilhosa sempre capricho carinho evento casa cakess confesso alguns lanchinhos tarde tb,,1,1,0,0,0,6,0,0,0,0,0,0,0
365,5,cliente fiel cakess desde começo bolos doces nunca faltam festas bolos molhadinhos bem recheados lindos casinha acolhedora linda essência donos pessoas incríveis brunch espetacular opções variadas bem servidas destaque bolos brigadeiro morongo doce leite nozes pistache brigadeiro brulle tradicional banoffe brownie bombom morango uva maravilhosos,,6,0,0,0,0,35,0,0,0,0,0,0,0
365,5,null,,0,2,0,0,0,7,0,0,0,0,0,0,1
365,5,lugar aconchegantecom muitas delícias,,1,1,0,0,0,9,0,0,0,0,0,0,1
365,5,comida gostosa bem feita bolos ahhh bolos surpreendentes incríveis pessoas educadas queridas adoro sempre perto passo la,,17,4,3,0,0,78,0,0,0,0,0,0,0
365,5,sempre conseguem superar expectativas evolução constante parabéns,,8,5,0,0,0,48,0,0,0,0,0,0,0
365,5,nunca faltam doces bolos cakess comemorações valoriza região grande diferencial olhos atentos proprietários lê gabi prezam qualidade produtos serviços,,26,8,3,0,0,474,2,0,1,0,0,1,0
365,5,excelente localização ambiente lindo instagramável pet friendly atendimento impecável variedades cardápio preço justo simplesmente melhores doces vale provar pratos salgados bebidas tb lugares favoritos vida,,6,1,14,0,0,12,0,0,0,0,0,0,0
365,5,bolos doces maravilhosos almoço executivo excelente brunch deuses ambiente lindo instagramável peço casa chega embalagens ótimas capricho nota 1000 gabi leandro arrasam,,4,0,1,0,0,3,0,0,0,0,0,0,1
365,5,null,,1,1,0,0,0,5,0,0,0,0,0,0,1
365,5,null,,3,5,5,0,0,10,0,0,0,0,0,0,1
365,5,doces incríveis brunch delicioso atendimento lugar incríveis qqr ocasião desde home office evento,,6,5,0,0,0,26,0,0,0,0,0,0,1
365,5,ambiente lindo serviço primeira comida coisa maravilhosa simplesmente melhor sp,,4,0,1,0,0,7,0,0,0,0,0,0,0
365,5,além lugar lindo doces deliciosos vale tbm pedir salgados torta frango preferidas vida,,20,1,0,0,0,112,2,0,0,0,0,0,0
365,5,confeitaria preferida sp gosto absolutamente tudo fazem brigadeiros bolos entremets atendimento excelente casa linda segundo andar janelinha dá pra sol maravilhoso tb cakess tudo confeitarias deveriam,,11,0,0,0,0,17,0,0,0,0,0,0,1
365,1,local expandiu porém preparou crescimento operação ruim atendimento confuso correria agitação atender mesa preocupante,,3,1,0,0,0,17,0,0,0,0,0,1,0
365,2,conhecer cakess semana passada bem atendidos vi bastante influencers falando bolos ter ficado alerta chegando lá vimos bastante opções bolo conforme fotos pedimos 3 pedaços bolo 3 brigadeiros 1 água pedaços bem servidos achei 2 bem secos chocolate meio amargo realmente bem molhadinho nutella casadinho bem secos dentro menos achei seco gostei comentei final garçom informou dona local poderia explicar experimentou achou seco ok opiniões achei bem seco casadinho faltou molhar pao ló pedi pra esquentar resolveu enfim gostei atitude pouco arrogante dona local cobra taxa serviço preços achei pouco caros brigadeiro pequeno 400 ambiente achei pequeno casa bolo bonita decoração casa antiga adaptada casa bolos local difícil achar vaga estacionamentos região fecham cedo sábado somente estacionamento frente fica aberto,,56,0,232,3,5,142,3,0,0,0,19,14,0
365,5,null,,0,4,0,0,0,5,0,0,0,0,0,0,1
365,5,null,,0,1,0,0,0,6,0,0,0,0,0,0,1
365,5,bolos incríveis sabor inexplicável,,1,0,0,0,0,6,0,0,0,0,0,0,1
365,5,null,,1,1,0,0,0,6,0,0,0,0,1,0,1
365,5,,,25,11,9,0,0,225,0,0,0,0,0,1,0
365,5,null,,4,2,1,0,0,9,0,0,0,0,0,0,1
365,3,fatia bolo simples 20 reais atendentes excelentes lugar interessante preço esperava doces purê batata saboroso legumes tanto preço prato condizente,,69,19,118,1,1,13,2,0,3,0,1,1,0
365,5,ambiente maravilhoso,,28,2,25,0,0,42,0,0,0,0,1,0,0
365,5,experiência maravilhosa tudo delicioso,,8,1,7,0,0,56,0,0,0,0,0,0,1
365,1,rj sp comemorar aniversário pessoa especial completando idade especial encomendei bolo incrível pareça solicitei atenção ortografia extremamente traumatizado precavido pareceu fizeram errado propósito porque reclamar proprietário deu show arrogância prepotência fama subiu cabeça humildade sumiu amigo havia recomendado loja pediu relevar situação dizendo sido algo pontual tempo aconteceu situação parecida,,39,0,4,0,0,26,0,0,0,0,0,0,0
365,3,visitei três vezes primeira muita expectativa q ótima experiência comi bolo chocolate achei bom nota 45 5 nada especial úmido medida certa várias camadas fininhas recheio peguei viagem bolo gelado coco super seco ainda bem pra viagem pois pude salválo colocando leite deixálo molhado deveria observação vem embrulhado papel alumínio assim bolo nada especial termos sabor fiz comi melhores daria nota 25 5 segunda visita almoçar pedi massa molho carbonara boa bem servida bacon nota 45 5 subi comer bolinho cenoura cobertura chocolate achei cobertura doce gosto ok nota 4 5 terceira pedi bolo 3 leites acho nome influência comentários positivos li instagram novamente veio bolo seco achei sabor recheio pouco estranho graça cobertura boa vem bem ralinha fatia bem fininha quase metade fatia bolo chocolate pedi primeira visita nota 3 5 sobre serviço duas primeiras visitas achei atendimento bom bem atenciosos terceira visita rapaz serviu parecia queria livrar mim rápido possível cliente local horário pós almoço volta 13h sextafeira mal terminei bolo limpando boca guardanapo tirando prato mesa falando pedir conta traria mesa detalhe local cobra taxa serviço preços melhorar bolos principal defeito bolo seco diria preço compatível resumo lugar potencial precisa melhorar pouco doces ficar olho atendimento voltaria pra almoçar cansei dar chance doces,,62,210,228,0,0,2006,1,0,0,0,0,0,0
365,5,refeições la carte variadas bem gostosas preço r30 r50 pratos individuais aceita ticket ótimo ambiente bem arejado boa decoração atendimento eficiente pouco demorado,,33,1,49,2,1,113,1,0,0,0,0,0,0
365,5,ótima,,55,17,0,0,0,36,0,0,0,0,0,0,0
365,5,melhor bolo sp nutella crocante original deliciosoooo,,4,15,0,0,0,30,0,0,0,0,0,0,0
365,5,amor primeira garfadaaa recomendo provarem bolo folhado recheio nutella perfeito,,5,0,0,0,0,14,0,0,0,0,0,0,1
365,5,impecavel,,34,2,40,0,0,46,1,0,1,0,0,0,0
365,5,null,,3,1,0,0,0,13,0,0,0,0,0,0,1
365,5,cakess espetacular nunca decepciona atendentes super atenciosos entrega promete pratos maravilhosos doces incríveis recomendo ovos rancheiros bolo vulcão cenoura bolo casadinho,,9,0,7,0,0,17,0,0,0,0,0,0,0
365,5,doces sensacionais voce pode escolher qualquer sempre delicioso ainda pratos quentes ótimos sugiro café coado bolo ganache chocolate meio amargo boa opção passeio perto paulista,,4,5,0,0,0,25,0,0,0,0,0,0,0
365,5,null,,5,3,2,0,0,19,0,0,0,0,1,1,0
365,5,tudo top,,3,0,0,0,0,12,0,0,0,0,0,0,1
365,5,null,,2,16,0,0,0,21,0,0,0,0,0,0,1
365,5,null,,126,22,14,4,0,421,0,0,0,0,0,0,0
365,5,local agradável bons produtos excelente atendimento fácil acesso,,478,22,70,0,0,834,0,0,1,0,0,25,0
365,5,lugar bonito aconchegante funcionários super simpáticos todos sempre atenderam perfeitamente bem bolos nota mil preços dentro padrão lugar bairro vale paga louça impecável apresentação magnífica percebese bom investimento decoração ainda hoje dia pessoas querem fazer sempre muitos posts imagem tudo lugar acertou cheio nota 10,,577,7,7044,335,5,1222,1,0,1,0,5,14,0
365,4,bom lugar pra sobremesa almoço leve atendimento amigável opções chás tortas salgadas boas certeza vale visita,,99,1,308,0,0,387,2,0,0,0,0,0,0
365,5,tudo gostoso taças sao deliciosas,,13,7,9,0,0,18,0,0,0,0,0,0,0
365,5,tudo bom caro,,93,43,30,2,0,51,0,0,0,0,0,6,0
365,5,null,,3,50,0,0,0,11,0,0,0,0,0,0,0
365,5,visitei experimentar merengue tantas opções fiquei tentada fugir roteiro ainda bem fugi merengue delicioso equilíbrio doce suspiro morango nada enjoativo jeito gosto café ótimo acompanhamento sobremesa ótimo ambiente bem iluminado trilha sonora calma atendimento ágil,,65,0,208,8,0,335,2,0,0,0,0,0,0
365,5,ambiente super agradável tomar cafe,,67,2,88,7,2,345,1,0,1,0,0,0,0
365,2,pedi fatia bolo nutella crocante nutella pode brigadeiro chocolate qualquer outro similar nutella sabor consistência,,7,12,26,0,0,7,8,0,1,0,0,0,0
365,5,lugar lindo comida excelente ótimo atendimento aceita reservas ótima experiência breakfest weekend experiente panquecas bolo vulcao ovos benedict avocato toast tudo maravilhoso,,98,38,145,1,0,980,2,0,5,0,0,2,0
365,4,melhor bolinho chocolate browie sao paulo ha tudo la bom cafe doces salgados ambiente atendimento etc,,43,20,0,0,0,520,0,0,0,0,0,0,0
365,5,amo lugar doces,,16,17,0,0,0,7,0,0,0,0,0,1,1
365,5,null,,3,18,0,0,0,38,0,0,0,0,0,0,0
365,5,null,,15,8,1,0,0,3,0,0,0,0,0,0,1
365,1,atendimento demorado confuso cafe bola sorvete demorou 40 minutos inaceitável,,5,3,6,0,0,7,6,0,0,0,0,4,0
365,5,lugar maravilhosoooo doces maravilhosos cookie red velvet bolo pistache chocolate serve refeições amplo ambiente sentar delicia gostosuras desse local diversos tipos café recomendadissimo,,332,2,1304,16,5,2583,2,0,5,0,0,4,0
365,5,null,,44,57,35,0,0,57,0,0,0,0,3,3,0
365,5,perfeita,,112,8,137,3,0,618,2,0,5,0,0,8,0
365,5,primeira vez casa gostei experiência ótimo atendimento casa bem movimentada experimentei ganache chocolate meio amargo bolo gelado coco ambos bons continuem assim sucesso,,40,1,2,0,0,54,0,0,0,0,1,0,0
365,5,ótimo favoritos assunto bolos doces almoço tambem surpreendeu pedimos 2 pratos lasanha abobrinha beringela creme bechamel risoto abóbora carne seca cerveja ambos delícia sobremesa pedimos torta palha italiana bolo chocolate meio amargo delíciosos ambiente bonito pet friendly recomendo,,648,28,2781,745,6,8831,26,0,13,0,0,16,0
365,5,doces irresistíveis passem perto pois tentação grande,,114,2,2,0,0,110,0,0,0,0,0,2,0
365,5,null,,9,96,11,0,0,24,0,0,0,0,0,0,0
365,5,toast figo excelente bolo bem casado gostoso fatia bem generosa pra dividir ambiente agradável atendimento atencioso cliente recomendo demais certeza irei voltar,,8,10,0,0,0,36,0,0,0,0,0,0,0
365,5,null,,116,243,305,1,0,2215,2,0,0,0,32,3,0
365,5,null,,8,69,2,1,0,156,0,0,0,0,17,0,0
365,5,null,,5,176,4,0,0,394,0,0,0,0,2,1,0
365,5,melhor bolo mundo melhor recheio melhor sabor melhor qualidade viajo brasil inteiro agora achei nenhum sabor igual cakes basta experimentar recomendo,,3,0,0,0,0,6,0,0,0,0,0,0,0
365,1,duas vezes estabelecimento primeira longa demora receber pedido segunda vez confundiram pedido entraram errado tomar conta longe confeitaria decepcionada verdade,,3,0,0,0,0,9,0,0,0,0,0,0,0
365,5,considero melhor cafeteria região docinhos bolos maravilhosos fizeram parte casamento bolo ficou lindo todos adoraram bemmm recheado sempre peço docinhos cakess atendimento qualidade produtos impecável,,11,9,3,0,0,6,0,0,0,0,0,0,0
365,5,ainda oportunidade conhecer loja pessoalmente sempre peço ifood amo bolo casadinho chocotone brigadeiro cakees deliciosos muita qualidade ja entrei contato telefone atendimento cordial continuem sempre assim qualidade maravilhosa,,35,8,27,0,0,361,14,0,0,0,93,0,0
365,5,incriveis melhor bolo pedimos toda semana escritório continuem assim,,11,5,0,0,0,20,3,0,0,0,0,0,0
365,4,ótimo local café manhã bonito arrumadinho staff gentil ótimos pães bolos,,632,115,118,1,0,1146,1,0,1,0,0,1,0
365,5,perfeito,,7,17,0,0,0,103,1,0,0,0,0,0,0
365,5,null,,1,13,0,0,0,31,0,0,1,0,0,0,0
365,5,melhores doces comi vida,,22,10,12,1,0,83,0,0,0,0,36,1,0
730,3,null,,2,3,0,0,0,10,0,0,0,0,0,0,1
730,5,lugar incrível comida espetacular funcionários super atenciosos prestativos ambiente acolhedor sente casa literalmente vale visita brunch almoço incríveis,,3,1,0,0,0,26,0,0,0,0,0,0,1
730,1,péssima pois amigo negro triste termos destacar ainda enquanto estacionava entrou simplesmente usaram invisibilidade social atenderam questionou algo olharam disseram entregadores podem aqui apenas lá embaixo sim paulo séc xxi megalópole condutas procedimentos estabelecimentos racistas injúria racial crime,,10,25,4,0,0,151,0,0,0,0,0,0,0
730,5,rj conheci indicação melhor experiência antes chegar passei padaria bella paulista comi salgado ruim caro expectativa baixa incrível passar alguns minutos aqui cakess atendimento perfeito doces maravilhosos destaque pro bolo coco gelado recomendo fortemente,,71,35,48,0,0,386,1,0,1,0,0,4,0
730,5,null,,217,14,142,0,0,3901,1,0,0,0,0,19,0
730,5,null,,0,11,0,0,0,15,0,0,0,0,0,0,1
730,5,null,,2,2,0,0,0,27,0,0,0,0,0,0,1
730,5,lugar lindo atendimento comidas sensacionais,,18,0,5,0,0,12,0,0,0,0,13,0,1
730,1,bonito porém atendem lugar dúvidas bem bonito entanto fiquei hoje 40 minutos bastante paciência esperando último andar saí atendida garçons vão área estabelecimento nenhum tipo botão possa apertar mesas momento garçom veio entregar pedido casal lá esperando muuuito tempo disse ainda havia pedido simplesmente desceu novamente incompreensível esperei pouco pois imaginei poderia voltar final 40 minutos cansei embora deve ok quiser apenas entrar tirar fotos local ir embora preciso esperar atendimento,,3,4,1,0,0,5,8,0,8,0,0,0,0
730,4,gostei crocs oferecidos almoço bolo prestígio achei gostoso,,227,252,414,1,0,1631,40,0,15,0,0,9,0
730,3,caférestaurante possui estrutura ótima casa bonita possibilidade atendimento pessoas deficiência parte inferior logo entrada casa porém acessibilidade cliente veja vitrine parte superior caso queira ainda parte externa possui identificação espaço pet local possui estacionamento próprio porém possível parar ruas região além existirem diversos estacionamento avenida pontos ônibus possuem cardápio bem variado atraente duas visitas casa vazia havia dois componentes linha família casal pedido demorou 20 minutos pão veio torrado demais ovos tempero casa possui quantidade imensa funcionários ficam conversando rádio sobe desce incrível escadas olham clientes atenção local possui estrutura receber bebês possui trocador possui cadeirão bebê ficar colo alimentar vez mesa altura banheiro iluminação fica bem acima pia lâmpada baixa super quente certeza doces casa incríveis valeram experiência cookies incríveis recomendo certeza casa ainda mantém alguns cuidados quanto covid19 mantendo álcool gel entrada superior loja produto mesas clientes vale visita doces porém espera experiências café manhã,,994,20,9717,210,66,8275,30,0,16,0,14,11,0
730,5,null,,101,45,1,0,0,240,0,0,0,0,0,0,0
730,3,bolos ótimos realmente vale apena experimentar menos dois sabores atualizando visita hoje café agrada atendimento ainda precisa melhorar sorte nenhuma vez,,433,71,174,11,0,65,1,0,0,0,35,4,0
730,5,sempre maravilha qualidade atendimento,,210,0,90,0,0,316,0,0,1,0,0,3,0
730,5,impecável verdadeira viciada doces suspeita pra falar simplesmente amei local melhor confeitaria paulo ja variedade gigante sobremesas desde leves formigonas preferidas rs tomei capuccino delicioso melhor parte leandro forneceu atendimento super acolhedor sempre indo mesa checar tudo ok ainda cima deu brinde brigadeiro cada quiche costela estreada perfeita acolhimento cliente faz toda diferença fazia tempo presenciava sp leandro gabi obrigada talentosos merecem sucesso,,34,3,54,0,0,34,1,0,3,0,0,1,0
730,5,null,,5,4,0,0,0,101,0,0,0,0,0,0,0
730,4,experiência maravilhosa pratos deliciosos,,429,134,1520,4,0,1418,3,0,0,0,9,13,0
730,5,null,,8,7,1,0,0,56,0,0,0,0,0,0,0
730,4,bolo delicioso ambiente super agradável,,55,11,0,0,0,237,0,0,0,0,0,1,0
730,5,voltei tempo colegas trabalho posso afirmar melhorou bastante ágeis eficientes ótimo atendimento servem almoço vou experimentar dia continua bom ambiente boa variedade bebidas quentes frias doces bolos carro chefe local deixar água boca simplesmente maravilhoso preços pouco acima média vale pena conta experiência detalhe cobram taxa serviço resto gostei local recomendo,,135,33,158,1,0,518,2,0,1,0,6,0,0
730,5,excelente,,56,39,107,0,0,316,0,0,0,0,0,2,0
730,5,local super aconchegante cardápio super variado diverso doces salgados co opções múltiplas optamos doces pois intuito saborosos bem servidos atendimento cordial ótimo vale visita sim gostamos,,411,3,2274,39,1,199,9,0,5,0,1,1,0
730,5,lugar fofo atendimento bom tudo bem gostoso brownie incrível acho apenas podia ter alguém entrada direcionando clientes relação lugares disponíveis pra sentar pq 3 andares vezes pessoa chega lá cima lugar,,177,3,113,6,1,692,0,0,0,0,0,1,0
730,4,local agradável,,754,272,20230,994,6,13021,245,0,91,0,148,13,0
730,5,lugar maravilhoso tudo delicioso,,48,43,44,0,0,1607,1,0,0,0,5,2,0
730,5,saboroso quantidade boa temperatura ambiente lindo aconchegante,,30,167,32,9,0,346,0,0,0,0,6,0,0
730,2,lá sábado 09072022 horário almoço brunch fiquei térreo pois pets cheguei tanto mesas cadeiras quentes apertei botão receber atendimento enquanto mesma movi mesas sombra pois impossível permanecer ali 10 minutos nada apertei botão novamente alguns minutos atendente apareceu perguntou poderia aguardar segui aguardando trouxe cardápio fizemos pedidos primeira parte pedidos chegou cesta pães queijo parmesão deliciosa croque monsieur pedido veio errado recebemos carne seca devido demora pedimos troca pois fome então apenas relatamos ocorrido demora havíamos terminado comer chegaram bebidas demora vieram doces pedi bolo pote leite ninho nutella infelizmente casa sujeita erro muitos locais cometem usar nutella invés ganache quer porque vender coisa nome outra errado ilegal bolo coco ótimo considerações finais retornaria comida pode deliciosa atendimento ruim pra mim decisivo atendente gentil culpa má administração local demora pedido errado informações erradas cardápio animais poderem entrar local torna pet friendly pois estrutura receber pets,,78,0,9,0,0,6,1,0,0,0,0,0,0
730,5,null,,9,12,0,0,0,11,0,0,0,0,0,1,0
730,1,null,,9,2,2,0,0,16,0,0,0,0,0,0,0
730,5,doces cafés maravilhosos porém valor pouco elevado,,20,14,2,0,0,250,0,0,1,0,1,1,0
730,4,lugar bem bonito atendimento pratos bons porém valores bem altos sendo servido xícara café embora bonita estragou pouco experiência tomar expresso,,9,77,1,0,0,138,1,0,1,0,4,2,0
730,5,cliente alguns anos pedindo regularmente 1xsemana apps quase todos itens cardápio bolos nutela crocante casadinho melhores melhor item casa cookie nutella nunca comi nada igual eua último sábado conhecer novo espaço casa agora recebendo clientes cardápio incluindo itens salgados tal doces fantásticos ovo mexido bacon duas fatias pão delicioso bacon crocante pão crocante mto macio dentro pedi ainda panquecas estilo americano dúvida melhores comi aqui calda brigadeiro faz finalização perfeita custo benefício bem bom dada qualidade itens sabor tamanhos produtos valores super justos tdo dizer simpatia ótimo atendimento todos próprio leandro último funcionário atendeu caixa típica empresa merece todo sucesso conseguir parabéns,,108,14,40,0,0,442,9,0,5,0,2,0,0
730,5,amo lugar banofe bolo coco embrulhado agora salgados tbm torta carne cebola maravilhosa,,239,8,15,7,0,251,1,0,0,0,22,5,0
730,5,bolos bons taça merengue espetacular recomendo demais,,18,33,1,0,0,50,0,0,0,0,7,0,0
730,1,null,,4,2,0,0,0,68,0,0,0,0,1,0,0
730,5,null,,2,10,1,0,0,4,0,0,0,0,0,0,1
730,5,null,,5,497,11,0,0,573,2,0,0,0,0,0,0
730,4,null,,146,46,73,4,0,1024,3,0,0,0,1,16,0
730,1,tomei chocolate quente cremoso doce demais cobraram 13 gorjeta entregar mesa assim cobraram hora paguei percebi sabem cobrar importa valor deveriam cobrar exatamente consumimos volto,,13,0,1,0,0,8,0,0,0,0,0,0,0
730,5,excelente atendimento dono simpático atencioso bolos sao gostosos,,166,4,108,0,0,531,0,0,0,0,0,0,0
730,5,melhor loja bolos tortas doces brigadeiros higienopólis região próxima metrô tudo feito carinho donos decoração incrível arcondicionado pra passar calor dá pra ficar horas comendo bolos lendo livro trabalhando excelente ambienteah cafezinho agora brunch espaço pet vá conhecer vai arrepender,,110,74,90,1,0,3509,2,0,2,0,12,2,0
730,5,difícil encontrar lugar assim realmente absolutamente nada reclamar nada deixe desejar atendimento excelente lugar lindo aconchegante extremamente limpo organizado bolos amigos aqui pedaço céu terra delícia demaais quero ressaltar ótimo atendimento elogiar atendente parece novo loja infelizmente lembro nome menino branquinho loiro tão novo tão competente educado esposo ficamos deixar elogio saímos pressa final então fica aqui registro parabéns proprietário toda equipe demais 3,,7,0,0,0,0,5,0,0,0,0,1,0,1
730,5,cliente dois anos melhor três páscoas conhecemos lugar maravilhoso nunca largamos desde então vários ovos páscoa lembranças natal bolos aniversário mimos corporativos lanchinhos despretenciosos grande amizade acabamos fazendo queridos super simpáticos donos le gabi dudinha fazem tudo carinho amor competência muuuuito sabor,,22,1,0,0,0,17,0,0,0,0,0,0,0
730,5,hahhaha amei lugar tranquilo funcionários simpáticos falar vitrine enche olhos valores acordo região,,188,5,578,23,0,116,0,0,0,0,0,8,0
730,5,lousa dizendo café convidou doçura agraciou tudo maravilhoso parabéns,,10,5,1,0,0,69,0,0,0,0,2,1,0
730,5,null,,8,190,88,1,0,862,2,0,0,0,3,1,0
730,5,null,,309,121,1010,9,3,79,12,0,2,0,6,3,0
730,5,recomendo lugar maravilho doces delícia ficando cada dia pobre viciar,,23,6,7,2,0,76,0,0,0,0,0,0,0
730,5,excelente atendimento parabéns simpatia atenção gentileza enfim tudo perfeito,,9,15,7,0,0,11,0,0,1,0,0,0,0
730,5,null,,11,4,3,0,0,0,0,0,0,0,0,0,1
730,5,null,,2,20,0,0,0,0,0,0,1,0,0,0,1
730,5,apaixonada doces cakess atendimento excelentíssimo toda equipe sempre super educados atenciosos,,65,42,252,6,0,51,1,0,0,0,0,2,0
730,5,excelente maravilhoso espetacular parabéns,,2512,12,22420,1176,32,54257,269,0,22,0,2650,655,0
730,1,null,,2,4,0,0,0,1,0,0,0,0,0,0,1
730,5,null,,0,18,0,0,0,117,0,0,0,0,0,0,1
730,1,local fechado porém google aparece aberto,,99,163,0,0,0,1134,0,0,0,0,0,12,0
730,5,bolos excelente qualidade,,1052,105,7,0,0,9,0,0,0,0,51,11,0
730,5,null,,12,13,7,0,0,46,0,0,0,0,0,0,0
1095,5,atendimento ambiente good vibe grande variedade bolos doces café bebidas frias fiquei dúvida bolo escolher nota 10,,88,5,7,0,0,30,4,0,0,0,1,0,0
1095,5,melhores bolos pro cafezin grandes pequenas celebrações,,26,90,1,0,0,534,1,0,0,0,0,0,0
1095,5,bolo palha italianaperfeitotextura sabor nada enjoativo doce cappuccino cremoso ambiente aconchegante bem decorado,,310,18,706,17,0,489,3,0,2,0,0,1,0
1095,5,pedi copo peli ifood gostoso pesado morangos frescos nota 10 ja quero pedir outros sabores super indico,,210,41,351,0,0,437,0,0,0,0,0,8,0
1095,5,null,,1,38,0,0,0,32,0,0,0,0,0,0,1
1095,5,bom delícias,,59,225,188,2,0,3681,0,0,0,0,0,1,0
1095,5,null,,8,89,0,0,0,355,1,0,1,0,7,0,0
1095,5,melhores doces comi vida olha comi muitos lugares atendimento impecável boa localização espaço bem agradáveis amei parabéns,,5,1,0,0,0,7,0,0,0,0,0,0,1
1095,5,comentários vc ir sentir saborear atendimento top,,461,7,303,3,1,120,171,0,2,0,12,1,0
1095,5,null,,1,19,0,0,0,23,0,0,0,0,0,0,1
1095,5,null,,66,359,1393,8,16,2558,3,0,4,0,1,10,0
1095,5,null,,12,115,0,0,0,259,0,0,0,0,0,1,0
1095,5,comemos torta banoffee ym cheesecake calda morango simplesmente maravilhoso ambiente lindo aconchegante super agradável atendentes super gentis recomendadíssimo,,108,24,214,0,0,819,2,0,1,0,0,0,0
1095,5,null,,4,33,1,0,0,40,0,0,0,0,0,0,0
1095,5,null,,60,55,29,2,0,262,1,0,2,0,0,1,0
1095,4,null,,1,17,0,0,0,176,0,0,0,0,0,0,1
1095,5,adorei tudo gostoso atendimento ótimo,,15,13,0,0,0,69,0,0,0,0,0,1,0
1095,5,null,,335,934,1564,0,1,1156,0,0,0,0,0,2,0
1095,5,atendimento excelente doces incriveis,,7,13,0,0,0,241,0,0,0,0,0,0,0
1095,5,null,,68,179,1617,1,0,211,2,0,0,0,0,0,0
1095,5,simplesmente divino lugar aconchegante atendimento exemplar produtos primeira cuidado capricho cada pedido super recomendo primeira vez pode ter certeza irei voltar vezes,,106,43,23,0,0,118,0,0,0,0,0,1,0
1095,5,lugar doces maravilhosos casinha preferida sempre tão atenciosos amo,,23,4,24,0,0,11,0,0,0,0,0,0,0
1095,5,null,,50,31,60,0,0,17,0,0,0,0,3,0,0
1095,5,null,,19,177,406,5,0,771,1,0,0,0,0,1,0
1095,3,produtos vendidos si ótimos infelizmente demoram finalizar entrega principalmente solicitado via app dão prioridade clientes local esquecem s cliente solicitou pedido via app prioridade tirando detalhe lugar ótimo,,9,15,5,0,0,31,0,0,1,0,0,0,0
1095,5,null,,17,300,134,0,0,556,1,0,0,0,0,7,0
1095,5,null,,11,19,2,0,0,43,0,0,0,0,0,0,0
1095,5,null,,23,167,136,1,1,1083,1,0,0,0,0,1,0
1095,5,lugar gostoso,,99,46,11,0,0,17,9,0,0,0,12,0,0
1095,5,atendimento mil doces espetaculares valor alto porém qualidade,,169,353,519,8,0,725,47,0,0,0,24,6,0
1095,5,null,,62,291,33,0,0,1706,2,0,5,0,15,0,0
1095,5,null,,11,102,3,0,0,395,0,0,0,0,0,0,0
1095,5,lindo aconchegante,,3,4,1,0,0,20,0,0,0,0,0,0,1
1095,5,null,,27,168,3,3,0,138,0,0,0,0,0,0,0
1095,3,null,,23,190,1,0,0,51,0,0,0,0,12,2,0
1095,5,null,,36,49,48,1,0,25,3,0,2,0,0,0,0
1095,5,gosto,,2,52,0,0,0,0,0,0,0,0,0,0,1
1095,5,null,,7,21,0,0,0,0,0,0,0,0,0,0,0
1095,5,melhor doceria paulo recomendo demais,,96,1,216,1,0,222,4,0,0,0,14,1,0
1095,5,null,,29,61,341,6,0,118,0,0,1,0,13,0,0
1095,5,null,,6,1,2,0,0,7,0,0,0,0,0,0,1
1095,5,lugar aconchegante comida farta preço justo atendimento simpático,,23,13,1,0,0,994,0,0,1,0,2,0,0
1095,5,gostoso ambiente aconchegante moderno atendimento gentil atencioso tudo experimentei gostei produtos frescos preço média cafés gourmet vale pena recomendo,,95,49,433,1,0,3891,1,0,0,0,4,2,0
1095,1,null,,2,8,0,0,0,0,0,0,0,0,0,0,1
1095,5,excelente lugar ótimo atendimentoos funcionários atenciosos cuidadosos produtos muita qualidade deliciosos recomendo,,104,2,72,0,0,0,0,0,2,0,0,0,0
1095,5,melhor doceria região consolação 5 estrelas quesito sabor quantidade preparo atendimento adoro cookie nutella cheesecake tanto frutas vermelhas quanto doce leite ah bolos pote maravilhosos super recomendo,,95,49,14,0,0,365,11,0,5,0,14,4,0
1095,5,null,,3,1,1,0,0,1,0,0,0,0,0,0,1
1095,3,bom tudo muita qualidade preço pouco alto bom,,202,16,15,0,0,6,0,0,0,0,0,4,0
1095,5,melhor loja doces mundo pessoal simpático ambiente aconchegante doces maravilhosos,,36,55,16,0,0,460,0,0,0,0,0,0,0
1095,5,sobremesas vem apresentadas delícia recomendo super 1000,,17,30,0,0,0,2,0,0,0,0,5,0,0
1095,5,melhores doces paulo equívoco entrega pedido mandaram colaborador resolver além melhores doces melhor atendimento parabéns continuem assim,,171,74,44,0,0,1529,3,0,0,0,0,4,0
1095,5,lugar excelente doces equivalentes,,91,14,534,0,0,352,0,0,0,0,0,0,0
1095,5,delícia bolos atendimento top,,20,15,219,1,0,184,1,0,0,0,0,13,0
1095,5,doces deliciosos atendimento impecável,,2,8,1,0,0,1,0,0,0,0,0,0,1
1095,5,null,,0,154,0,0,0,46,0,0,0,0,0,0,0
1095,5,null,,1,16,0,0,0,4,0,0,0,0,0,0,1
1095,4,null,,6,261,744,4,0,2066,14,0,1,0,31,0,0
1095,5,melhor bolo ganache experimentei,,83,12,1,0,0,11,0,0,0,0,0,0,0
1095,5,bolos maravilhosos excelente atendimento,,58,97,57,0,0,1556,1,0,0,0,0,1,0
1095,5,perfeito bolo gostoso comi região,,3,2,0,0,0,9,0,0,0,0,0,0,1
1095,5,null,,4,1,0,0,0,0,0,0,0,0,0,0,1
1095,5,null,,2,9,0,0,0,5,0,0,0,0,0,0,1
1095,2,comprei duas fatias hoje boas parecia bem velho bolo triste esperava loja,,13,48,0,0,0,25,0,0,0,0,0,0,0
1095,5,null,,0,2,0,0,0,28,0,0,0,0,0,0,1
1095,5,simplesmente melhor loja bolos sp,,19,1,3,0,0,9,0,0,0,0,0,0,0
1095,5,porções bem servidas saborosas doces gostosos enjoativos lugar graça atendimento simpático recomendo,,19,16,35,0,0,508,3,0,0,0,3,0,0
1095,5,loja hoje provei cheesecake calda frutas vermelhas torta banoffe amei dois doces saborosos frescos perceptível ótima qualidade doces ha tempos buscava cheesecake excelente qualidade agora encontrei parabéns super recomendo,,15,54,0,0,0,98,0,0,0,0,0,5,0
1095,5,maravilhoso local doces babar café brasileiro alta qualidade bem gerenciado decorado atendimento primeira além ajudam projetos comunidade entregas via ifood imperdível,,67,3,136,2,0,97,0,0,0,0,0,0,0
1095,5,cakes cookies and brownies delicious,,39,2,18,4,0,136,0,1,0,0,0,0,0
1095,5,null,,12,31,4,0,0,61,0,0,0,0,1,0,0
1095,5,null,,5,41,2,0,0,127,0,0,0,0,0,1,0
1095,5,excelente atendimento produtos além ambiente acolhedor aconchegante ha deixar avaliar excelente,,58,5,20,0,0,65,1,0,2,0,1,0,0
1095,5,null,,3,27,0,0,0,68,1,0,0,0,1,1,0
1095,5,null,,21,43,0,0,0,440,0,0,0,0,0,0,0
1095,5,null,,34,65,25,0,0,466,0,0,0,0,0,3,0
1095,5,null,,4,21,0,0,0,0,0,0,0,0,0,0,1
1095,5,suspeito pra avaliar cakess amo antes ter loja física,,103,12,0,0,0,124,0,0,0,0,0,3,0
1095,5,null,,0,10,0,0,0,0,0,0,0,0,0,0,1
1095,5,local bem gostoso bolos lindos atendimento bom preço justo fatias bolos bem servido,,61,204,1,0,0,1132,0,0,1,0,39,2,0
1095,5,null,,3,46,1,0,0,274,1,0,0,0,1,0,0
1460,4,tudo gostoso bem apresentado lugar moderno aconchegante bom atendimento porém preço pouco alto,,111,14,12,0,0,630,1,0,0,0,1,3,0
1460,5,sempre sensacional experiência lá super recomendo,,29,55,4,0,0,153,1,0,0,0,0,2,0
1460,5,ótimo atendimento ambiente super agradável delicias brigadeiros,,60,2,14,1,0,455,1,0,0,0,0,0,0
1460,5,sensacional otimas sobremesas serviço perfeito espaço bem decorado aconchegante equipe simpática certeza voltarei,,41,76,2,0,0,7,0,0,0,0,59,0,0
1460,4,destaque banofee bolo cenoura chocolate,,720,44,2454,172,1,2378,169,0,61,0,133,11,0
1460,5,null,,7,31,466,9,0,33,0,0,0,0,0,6,0
1460,5,deliciosos boa quantidade,,43,52,4,0,0,18,0,0,0,0,1,0,0
1460,4,bolos perfeitos cookie nutella então fala único problema único jeito entrar escada grandona dificultando acesso cadeirantes mulheres carrinho bebê ainda bem delivery,,149,47,88,6,0,64,0,0,0,0,0,0,0
1460,5,fiz pedido simples bolo pote sobremesa favorita namorado pedi enviado bilhete fofo além sabor sempre ótimo enviaram tudo carinho,,15,10,0,0,0,36,3,0,0,0,1,0,0
1460,5,maravilhoso experimentei bolo merengue fatia grande creme sensacional ainda levei casa banofee brigadeiros diversos sabores atendimento top,,46,17,0,0,0,9,0,0,0,0,0,0,0
1460,5,merengue sensacional,,18,24,1,0,0,21,0,0,0,0,2,0,0
1460,5,null,,118,33,0,0,0,0,0,0,0,0,0,3,0
1460,5,ótimo atendimento doces deliciosos,,224,68,37,2,0,932,0,0,0,0,0,26,0
1460,5,excelente qualidade atendimento,,1,0,0,0,0,0,0,0,0,0,0,0,1
1460,5,null,,5,21,0,0,0,3,0,0,0,0,0,0,1
1460,5,incrível desde qualidade doces atendimento,,85,12,3,0,0,96,0,0,0,0,0,6,0
1460,5,doces delícia atendimento ótimo vale visita,,5,37,0,0,0,225,0,0,0,0,0,0,0
1460,4,ótimos bolos,,136,18,1112,45,0,807,2,0,7,0,9,1,0
1460,5,doces maravilhosos,,43,59,32,0,0,176,0,0,0,0,0,1,0
1460,5,lugar lindo doces sensacionais fã,,21,14,10,0,0,28,0,0,0,0,0,0,0
1460,5,bolos maravilhosos vale pena conhecer,,5,1,0,0,0,0,0,0,0,0,0,0,1
1460,5,melhor café região excelente atendimento cardápio variado bolos delícia,,35,77,31,0,0,639,0,0,0,0,0,2,0
1460,5,excelente atendimento lugar fofo fugir pouco correria gostei machiato,,8,1,0,0,0,21,0,0,1,0,0,0,1
1460,5,café excelente bolos deliciosos melhor café tarde tomei paulo ambiente agradável funcionários atenciosos,,4,1,0,0,0,3,0,0,0,0,0,0,1
1460,5,null,,12,7,56,0,0,11,0,0,1,0,0,0,0
1460,5,bolos maravilhosos ambiente aconchegante,,84,17,146,0,0,53,0,0,0,0,0,0,0
1460,5,null,,0,1,0,0,0,0,0,0,0,0,0,0,1
1460,5,null,,8,88,211,0,0,2384,23,0,2,0,32,1,0
1460,5,lugar lindo pessoas atenciosas comida gostosa,,1,2,0,0,0,10,0,0,1,0,0,0,1
1460,5,maravilhoso doces divinos vale pena experimentar fã carteirinha bolos bem feitos ingredientes qualidade comer rezando,,3,9,1,0,0,22,0,0,0,0,0,0,1
1460,5,tudo gostoso possível perceber carinho tudo feito lá local limpo aconchegante,,3,2,0,0,0,6,0,0,0,0,0,0,1
1460,5,sensacional ótimos doces cafés drinks além atendimento espaço maravilhoso,,3,0,6,0,0,3,0,0,0,0,0,0,1
1460,5,null,,2,4,0,0,0,3,0,0,0,0,0,0,1
1460,5,bolo maravilhoso massa perfeita melhor comi últimos temposperfeito,,10,0,0,0,0,5,0,0,0,0,1,0,0
1460,5,fantástico saboroso charme parabéns recomendo,,145,409,112,0,0,98,0,0,0,0,2,11,0
1460,5,bom faltam palavras impecável,,6,4,9,0,0,6,1,0,0,0,0,0,1
1460,5,brownie café delicioso,,13,7,3,0,0,164,2,0,0,0,2,0,0
1460,5,lugar lindo aconchegante melhores doces faltam festas casa doces lindos qualidade brigadeiro melhor bolos incríveis úmidos equilibrados outros doces sensacionais super vale visita provar delícias bom café bebida gelada,,13,1,0,0,0,14,0,0,0,0,0,0,1
1460,5,sabe lugar ambiente gostoso comida melhor ainda docinhos bolos tortas cafés tudo gostoso doce medida certa ambiente bom pra desde descontar tpm bater papo amigos palavras apenas amo,,2,0,3,0,0,0,0,0,0,0,0,0,1
1460,5,melhor cookie todos atendimento doce atencioso espaço amplo iluminado aconchegante decoração pensada mínimos detalhes certeza voltarei muitas vezes,,3,1,4,1,0,9,0,0,0,0,0,0,0
1460,5,habiente agradabilíssimo atendimento feito humanos verdade rs,,41,7,19,0,0,240,0,0,1,0,1,1,0
1460,4,null,,225,204,2208,0,0,4991,57,0,13,0,28,4,0
1460,5,local gostoso café reunião pequena confraternização vários tipos cafés sucos bolos brigadeiros melhor brigadeiro equipe super atenciosa donos uns amores super recomendo,,52,2,54,5,0,290,0,0,1,0,0,4,0
1460,5,melhor brigadeiro mundo todo,,3,25,0,0,0,137,0,0,0,0,0,2,0
